UniProt,median.K
A2A432,0.7
A2A8U2,0.450111111
A2AAJ9,0.10245
A2ADF7,0.352111111
A2ADY9,0.455
A2AGT5,0.39585
A2AHC3,0.4665
A2AIL4,0.1284
A2AJ88,0.273666667
A2AJI0,0.47015
A2AKG8,0.104
A2AMM0,0.06075
A2AN08,0.2558
A2APV2,0.997
A2APY7,0.074
A2AQ25,1.0694
A2ASQ1,0.330666667
A2ASS6,0.0701
A2AUC9,0.2162
A2BDX3,0.335
A3KFX0,0.228
A3KG59,0.2315
A3KGS3,0.571333333
A3KMP2,0.0945
A6H584,0.120222222
A6H611,0.1956
A6H630,0.07625
A6H6A9,0.2509
A6H6E2,0.63255
A6H8H2,0.296375
A6X8Z5,2.145
A6X935,0.9894
A7RDN6,0.069
B1AR13,0.0435
B1AUE5,0.091
B1AY13,0.2825625
B1AZI6,1.438
B1AZP2,0.3935
B2RQC6,0.3851
B2RRE7,0.145833333
B2RSH2,0.262666667
B2RXS4,0.30045
B7ZMP1,0.1
B8ZXI1,0.1465
D3YXK2,0.165
D3Z4S3,0.219
D3Z750,0.138
D3Z7P3,0.208125
E9Q1P8,0.364571429
E9Q401,0.1347
E9Q414,0.568916667
E9Q555,0.63725
E9Q557,0.23415
E9Q634,0.450388889
E9Q8I9,0.333
F6ZDS4,0.942
G3X9K3,0.2055
G5E870,0.811583333
G5E8K5,0.205166667
O08528,0.1978
O08529,0.20375
O08532,0.1536
O08547,0.19195
O08553,0.16025
O08573,0.888
O08579,0.425333333
O08582,0.255666667
O08583,0.179
O08599,0.2434375
O08600,0.1363
O08605,0.2995
O08638,0.1278
O08648,0.4615
O08663,0.44935
O08677,0.96505
O08709,0.0774
O08715,0.37835
O08739,0.222857143
O08746,0.3785
O08749,0.035
O08756,0.12535
O08759,0.2853125
O08788,0.16855
O08795,0.29465
O08807,0.27475
O08808,0.51875
O08810,0.20265
O08848,0.304666667
O08911,0.105
O08915,0.41175
O08917,0.15435
O08992,0.165
O08997,0.18645
O08999,0.6265
O09044,0.429833333
O09061,0.12215
O09106,0.1605
O09110,0.43075
O09111,0.03475
O09131,0.0765
O09161,0.0593
O09164,0.324
O09167,0.13585
O09172,0.167857143
O09174,0.05905
O35074,0.44685
O35075,0.209714286
O35083,0.077
O35114,0.64525
O35127,1.2095
O35129,0.03125
O35143,0.088611111
O35206,0.14155
O35226,0.459
O35286,0.6815625
O35295,0.066
O35326,0.449571429
O35343,0.3203
O35344,0.20675
O35345,0.230666667
O35350,0.156833333
O35379,0.23965
O35381,0.1765
O35382,0.24375
O35386,1.6375
O35387,0.158833333
O35435,0.055916667
O35459,0.1377
O35465,0.3022
O35551,0.815
O35593,0.1479
O35598,0.34
O35604,0.4265
O35638,0.568333333
O35639,0.20565
O35643,0.19185
O35658,0.04585
O35678,0.1976
O35682,0.1448
O35683,0.2705
O35685,0.263571429
O35737,0.34005
O35744,0.128
O35841,0.27935
O35855,0.0378
O35857,0.09135
O35864,0.1366875
O35887,0.5585
O35900,0.1105
O35943,0.031333333
O35955,0.171
O35972,0.117571429
O54692,0.732875
O54724,0.08185
O54734,0.25655
O54774,0.24035
O54784,0.618
O54865,0.228444444
O54879,0.106
O54901,0.606916667
O54931,0.836722222
O54946,0.1739
O54950,0.14935
O54962,0.20955
O54984,0.20465
O54988,0.4279375
O55013,0.1929
O55023,0.10205
O55026,0.1025
O55028,0.105888889
O55029,0.3705
O55060,0.106
O55101,0.106
O55106,0.347
O55111,0.0889
O55126,0.036
O55131,0.297722222
O55135,0.4998
O55137,0.168333333
O55142,0.211666667
O55143,0.09745
O55201,0.9745
O55222,0.1346
O55234,0.1225
O70133,0.30765
O70152,0.47475
O70194,0.25285
O70209,0.23925
O70250,0.0617
O70251,0.2151
O70252,0.24515
O70305,0.286
O70310,0.23195
O70318,0.58975
O70362,0.381
O70370,1.587333333
O70373,0.5569
O70378,0.1566
O70400,0.196722222
O70404,0.173
O70423,0.0628
O70433,0.1129
O70435,0.18215
O70439,0.24
O70468,0.0955
O70475,0.679166667
O70481,0.348666667
O70492,0.3654
O70493,0.145
O70496,0.421625
O70503,0.0765
O70548,1.2225
O70566,0.3095
O70571,2.642
O70572,0.44
O70591,0.169
O70622,0.0524
O88207,0.64225
O88322,0.1770625
O88342,0.1453
O88441,0.04555
O88447,0.735
O88487,0.19165
O88492,0.18075
O88508,0.271666667
O88512,0.105
O88520,0.082333333
O88531,0.32575
O88532,0.204
O88543,0.167714286
O88544,0.1494
O88545,0.18
O88569,0.21215
O88587,0.23425
O88623,1.1045
O88653,0.4036
O88667,0.594333333
O88685,0.2183
O88696,0.0764
O88712,0.273125
O88736,0.1785
O88738,0.5445
O88746,0.26235
O88792,0.169333333
O88811,1.455
O88844,0.0826
O88851,0.130666667
O88947,0.1
O88952,0.11
O88958,0.097333333
O88967,0.2776
O88983,0.263142857
O89001,3.0655
O89017,0.74375
O89020,0.30435
O89023,0.129375
O89051,0.775666667
O89053,0.312714286
O89079,0.3495
O89084,0.1375
O89103,0.402611111
O89112,0.20375
O89114,0.324416667
P00158,0.03725
P00329,0.130916667
P00397,0.0681
P00405,0.02995
P00416,0.04265
P00493,0.21455
P00848,0.0265
P00920,0.024
P01027,1.00845
P01029,0.87785
P01831,0.2178
P01837,1.3955
P01872,0.32635
P01887,0.460722222
P01898,0.567
P01902,1.3555
P01921,0.581
P01942,0.03
P02088,0.03715
P02089,0.019
P02463,0.0835
P02468,0.0579
P02469,0.06815
P02802,0.2445
P03888,0.029
P03911,0.0258
P03921,0.135142857
P03930,0.037
P03958,0.534
P03987,0.363
P04117,0.1043
P04186,1.65635
P04247,0.04425
P04919,0.177
P05064,0.14365
P05125,0.46685
P05132,0.197
P05201,0.06965
P05202,0.0307
P05555,0.754071429
P05622,0.378083333
P05784,0.588555556
P05977,0.0855
P06151,0.12565
P06683,0.8795
P06728,0.33975
P06745,0.0882
P06800,0.431125
P06801,0.1148
P06909,0.7226
P07091,0.30875
P07214,1.6696
P07310,0.05375
P07356,0.2027
P07361,0.643
P07724,0.2208
P07742,0.251
P07759,0.63035
P07901,0.193
P07934,0.145375
P08003,0.20145
P08030,0.189285714
P08032,0.10295
P08071,0.208666667
P08074,0.20825
P08113,0.26715
P08121,0.341
P08122,0.1427
P08207,0.307
P08226,2.8286
P08228,0.0598
P08249,0.0305
P08607,0.603
P08752,0.23985
P08775,0.189666667
P09055,0.3044
P09103,0.33265
P09242,0.111
P09405,0.3592
P09411,0.08625
P09470,0.2234
P09528,0.5428125
P09541,0.1526
P09542,0.0534
P09581,2.36175
P09671,0.02615
P09813,0.46125
P09925,0.167
P0C0A3,0.1375
P0C605,0.1915
P0CW02,0.232
P10107,0.3324
P10126,0.29225
P10493,0.0956
P10518,0.1096
P10605,0.42035
P10630,0.3011
P10637,0.08
P10639,0.135555556
P10649,0.078625
P10711,0.66425
P10810,0.365
P10833,0.2514
P10852,0.3499
P10922,0.034
P11031,0.514875
P11087,0.223125
P11103,1.0511
P11152,1.37595
P11247,0.1176875
P11276,0.6515
P11352,0.15315
P11404,0.03005
P11438,0.546
P11499,0.19935
P11531,0.0779
P11679,0.734
P11680,0.173375
P11688,0.95575
P11798,0.35425
P11835,0.3901
P11859,0.974357143
P11881,0.406
P11983,0.27435
P12023,1.081
P12242,0.11815
P12246,0.491666667
P12265,0.669785714
P12367,0.0987
P12382,0.17875
P12787,0.0377
P12804,5.07
P12815,0.436
P12970,0.14065
P13020,0.3289
P13439,0.463
P13595,0.272571429
P13597,0.197
P13634,0.307166667
P13707,0.11205
P14094,0.13685
P14115,0.1202
P14131,0.1314
P14142,0.185555556
P14148,0.13385
P14152,0.0615
P14206,0.13755
P14211,0.27675
P14576,1.336
P14602,0.23795
P14685,0.2312
P14733,0.087277778
P14824,0.12435
P14847,2.586
P14869,0.1657
P14873,7.290388889
P14901,2.707666667
P15092,0.864
P15105,0.9226
P15116,0.09875
P15327,0.0725
P15379,0.47
P15508,0.13855
P15532,0.404833333
P15626,0.11355
P16015,0.146222222
P16045,0.1812
P16110,0.307125
P16125,0.08
P16330,0.2105
P16332,0.0912
P16460,0.3948125
P16546,0.1018
P16627,0.2669
P16675,0.705
P16858,0.10025
P17047,0.49815
P17095,0.123
P17156,0.2307
P17182,0.11095
P17183,1.75575
P17225,0.233444444
P17426,0.19635
P17427,0.32535
P17439,0.418
P17563,0.062928571
P17665,0.033285714
P17710,0.0796
P17742,0.16365
P17751,0.079
P17809,0.32675
P18052,0.393
P18242,0.2446
P18572,0.1871
P18653,0.178166667
P18654,0.223375
P18760,0.30825
P18826,0.2394
P18872,0.2515
P19096,0.3074
P19123,0.1317
P19157,0.0703
P19221,0.61325
P19253,0.1942
P19324,0.3919
P19536,0.0515
P19783,0.0371
P19788,0.06575
P19973,0.497444444
P20029,0.179
P20060,0.153666667
P20108,0.03385
P20152,0.2588
P20918,0.4837
P21107,0.442166667
P21126,0.5901
P21278,0.204
P21279,0.044
P21447,1.62
P21550,0.0666
P21614,0.68425
P21619,0.266
P21812,0.045
P21844,0.037
P21956,0.227
P21981,0.18965
P22315,0.1211
P22366,0.334333333
P22599,0.288
P22892,0.1896
P22907,0.16825
P23116,0.32585
P23198,0.307125
P23242,0.17295
P23492,0.16775
P23506,0.16655
P23591,0.2393
P23927,0.24095
P23953,0.42965
P24270,0.23365
P24369,0.21265
P24452,0.274916667
P24472,0.053611111
P24527,0.17705
P24547,0.4428
P24549,0.1357
P24668,0.1835
P25444,0.1163
P25799,0.298583333
P26039,0.27345
P26040,0.1591
P26041,0.33625
P26043,0.243
P26231,0.4326
P26262,0.563875
P26369,0.3725
P26443,0.0508
P26450,0.173
P26516,0.158333333
P26638,0.302
P26645,0.36625
P26883,0.1261
P27046,0.8962
P27546,0.2379
P27612,0.1948
P27659,0.1803
P27773,0.25195
P28271,0.1077
P28301,0.050666667
P28352,0.3898
P28474,0.09075
P28481,0.094666667
P28650,0.18625
P28653,0.4166
P28654,0.2767
P28656,0.374666667
P28658,0.946222222
P28659,1.0155
P28660,0.23965
P28665,0.38855
P28798,0.4162
P29268,0.620666667
P29341,0.20495
P29351,0.25925
P29416,0.3685
P29595,0.2215
P29699,0.463125
P29758,0.2107
P29788,0.063
P30275,0.181
P30412,0.345
P30416,0.1927
P30681,0.3195
P30999,0.4842
P31001,0.1829
P31230,0.179125
P31266,1.032666667
P31324,1.631
P31428,0.18965
P31532,1.127
P31725,0.223
P31750,0.16
P31786,0.10575
P31938,0.2279
P31996,0.289333333
P32020,0.15855
P32067,0.514777778
P32233,0.6312
P32261,0.4776
P32921,0.14485
P33622,1.261
P34022,0.0945
P34152,0.1515
P34884,0.09265
P34914,0.09385
P34928,1.23
P35123,0.53165
P35235,0.16775
P35278,0.25395
P35282,0.19085
P35283,0.21565
P35290,0.108
P35293,0.2979
P35385,0.8675
P35441,0.364166667
P35486,0.0338
P35505,0.0629
P35550,0.279857143
P35564,0.1899
P35585,0.1936
P35700,0.1603
P35762,0.1487
P35821,0.218
P35979,0.1455
P35980,0.08985
P36536,0.267285714
P36552,0.113944444
P36916,0.18825
P36993,0.23445
P37040,0.196642857
P37804,0.17355
P37889,0.5815
P38060,0.10325
P38647,0.1108
P39053,0.5085
P39054,0.255125
P39061,0.165055556
P39447,0.463928571
P40124,0.3179
P40142,0.15965
P40240,0.474
P40336,0.1634
P40630,0.039
P40753,0.324
P41216,0.03075
P41241,0.438
P41731,0.97
P42125,0.0221
P42208,0.22015
P42225,0.35825
P42227,0.80425
P42232,0.21665
P42567,0.2871
P42669,0.0551
P42703,0.4923
P42932,0.2704
P43023,0.0624
P43024,0.07955
P43025,0.312
P43274,0.06415
P43275,0.109
P43276,0.036
P43277,0.1505
P43406,0.259833333
P43883,1.4636
P45376,0.0511
P45377,0.106
P45591,0.148
P45878,0.237
P45952,0.03665
P46061,0.35275
P46412,0.365
P46460,0.14095
P46467,0.73025
P46471,0.2444
P46638,0.1805
P46656,0.16925
P46664,0.3975
P46735,0.2988
P46737,0.23675
P46935,0.55845
P46938,0.233
P46978,0.824375
P47199,0.1884
P47713,1.516
P47738,0.10815
P47740,0.131
P47753,0.19545
P47754,0.1138
P47757,0.1349
P47758,0.25855
P47791,0.0865
P47802,0.0401
P47809,0.2041
P47811,0.2155
P47857,0.1251
P47911,0.14965
P47915,0.156
P47934,0.024
P47941,0.24995
P47955,0.1892
P47962,0.1195
P47963,0.12365
P48024,1.413
P48025,0.232
P48036,0.1652
P48193,0.113555556
P48410,0.196
P48428,0.2791
P48455,0.139666667
P48678,0.1173
P48722,0.191111111
P48725,0.33775
P48758,0.05365
P48771,0.0906
P48772,0.027
P48774,0.1358
P48787,0.11255
P48962,0.0319
P49138,0.385357143
P49182,1.10125
P49222,0.316
P49290,0.06
P49312,0.24235
P49442,0.12745
P49443,0.1783
P49586,0.124
P49615,0.1314
P49722,0.1622
P49813,0.1999
P49817,0.27495
P49935,0.142
P50136,0.12295
P50171,0.0272
P50172,0.265
P50247,0.08275
P50285,0.613
P50295,0.25
P50396,0.1205
P50431,0.166555556
P50462,0.12665
P50516,0.1983
P50518,0.861888889
P50543,0.328375
P50544,0.04745
P50580,0.1994
P50608,0.1375
P50637,0.098166667
P50752,0.10465
P51125,0.2484
P51150,0.2548
P51163,0.193
P51174,0.03405
P51175,0.0585
P51410,0.2600625
P51432,0.145
P51437,0.158642857
P51655,0.416
P51660,0.14005
P51667,0.046
P51807,0.685285714
P51855,0.763055556
P51863,0.278
P51881,0.0421
P51885,0.06735
P52196,0.0554
P52293,1.4777
P52430,0.6883125
P52479,0.2395
P52480,0.12665
P52503,0.0637
P52825,0.03315
P53026,0.20385
P53395,0.03815
P53612,0.23195
P53702,0.17795
P53810,0.2507
P53811,0.1755
P53986,0.157555556
P53994,0.228333333
P53995,0.744
P53996,1.101222222
P54071,0.02415
P54116,0.155
P54227,0.2266
P54265,0.219
P54310,0.727
P54320,0.097
P54726,0.2556
P54728,0.26875
P54729,0.284
P54731,0.058
P54775,0.1798
P54797,0.097785714
P54822,0.11005
P54823,0.61245
P54923,0.1707
P55002,0.058
P55096,0.14575
P55258,0.171666667
P55264,0.10415
P55284,0.357222222
P55292,0.10725
P55302,0.4196
P55937,0.264777778
P56135,0.0235
P56213,0.065666667
P56375,0.08765
P56376,0.0736
P56380,0.218
P56387,0.405
P56391,0.03405
P56392,0.04975
P56393,0.028
P56394,0.1534
P56395,0.1315625
P56399,0.16245
P56480,0.0314
P56501,0.288
P56546,1.386
P56565,0.12515
P56695,0.1831
P56812,0.21365
P56873,0.669
P56959,0.2963
P57080,1.033
P57716,0.242722222
P57746,0.1245
P57759,0.282642857
P57776,0.259714286
P57780,0.2664
P57784,0.132
P58021,1.422
P58064,0.1645
P58137,0.1586
P58252,0.2518
P58281,0.05395
P58389,0.12095
P58682,0.053
P58771,0.12085
P58774,0.1625
P58871,1.191
P59016,0.20225
P59041,0.131
P59266,0.123166667
P59325,0.7226
P59672,0.1505
P59708,0.214
P59913,0.38675
P59999,0.1715
P60122,0.23745
P60229,0.3112
P60335,0.4076
P60603,0.093
P60670,0.180833333
P60766,0.28535
P60843,0.5248
P60867,0.1469
P60904,0.1065
P61014,0.3
P61021,0.254944444
P61022,0.248
P61027,0.1756
P61080,0.259333333
P61082,0.2272
P61087,0.168875
P61089,0.11015
P61148,0.34245
P61161,0.18625
P61164,0.2135
P61202,0.154611111
P61211,0.3722
P61222,0.19205
P61226,0.193666667
P61255,0.1009
P61290,0.58345
P61358,0.1723
P61514,0.08525
P61750,0.4755
P61922,0.071428571
P61924,0.8894
P61961,0.207428571
P61965,0.357
P61971,0.09545
P61979,0.30265
P61982,0.11775
P62071,0.157375
P62075,0.07785
P62077,0.354125
P62082,0.182166667
P62137,0.30695
P62141,0.264
P62192,0.19025
P62196,0.2325
P62204,0.2309
P62242,0.1264
P62245,0.1185
P62259,0.11475
P62264,0.16405
P62267,0.11055
P62270,0.095
P62274,0.087
P62281,0.11705
P62301,0.1326
P62305,0.1005
P62311,0.141
P62315,0.161944444
P62320,0.155666667
P62331,0.262
P62334,0.2003
P62342,0.225
P62627,0.45395
P62631,0.107
P62702,0.13465
P62717,0.07605
P62743,0.15925
P62754,0.154625
P62774,0.24615
P62806,0.11
P62814,0.2672
P62821,0.20275
P62827,0.18155
P62830,0.15685
P62835,0.155
P62843,0.238
P62849,0.1326
P62855,0.397333333
P62858,0.15955
P62869,0.187333333
P62874,0.23445
P62880,0.15125
P62889,0.13455
P62892,0.437642857
P62897,0.03405
P62908,0.1503
P62911,0.0775
P62918,0.11885
P62932,0.3412
P62960,0.163
P62962,0.15385
P62983,0.144666667
P62996,0.1358
P63001,0.1897
P63005,0.2864
P63011,0.30555
P63017,0.1532
P63024,0.215777778
P63028,0.30605
P63030,0.07685
P63038,0.03025
P63044,0.363
P63073,0.316916667
P63085,0.399125
P63101,0.19635
P63147,1.258666667
P63158,0.1246
P63242,0.244833333
P63248,0.206
P63254,0.223
P63276,0.177
P63280,0.911666667
P63321,0.201
P63323,0.1532
P63325,0.145
P63328,0.15225
P63330,0.265333333
P67778,0.03915
P67871,0.237
P67984,0.135
P68033,0.228
P68037,0.1541
P68040,0.17505
P68181,0.2605
P68254,0.2764
P68368,0.11225
P68433,0.077
P68510,0.2508
P70122,0.841
P70168,0.2246
P70170,0.2174
P70180,0.64
P70195,0.2525
P70202,0.193
P70227,2.955666667
P70257,0.386
P70261,0.198375
P70265,0.0745
P70268,0.1995
P70271,0.20875
P70274,0.531
P70290,0.183
P70296,0.07645
P70297,0.2345
P70302,0.3178
P70303,0.289
P70313,0.514785714
P70333,0.307
P70335,0.08
P70336,0.28675
P70349,0.08885
P70362,0.286
P70372,0.2736
P70375,0.356
P70389,0.2965
P70398,0.25165
P70404,0.0505
P70414,0.352888889
P70428,0.6945
P70452,0.173666667
P70460,0.259785714
P70663,0.072
P70670,0.22845
P70697,0.269333333
P70698,0.39275
P70699,0.7425
P70704,0.426722222
P80313,0.2198
P80314,0.20695
P80315,0.246
P80316,0.1928
P80317,0.2247
P80318,0.22545
P81117,0.6774
P82198,0.34895
P82347,0.0784
P82348,0.067333333
P82349,0.100722222
P82350,0.3151
P83741,0.38545
P83940,0.222666667
P84078,0.2078
P84084,0.178125
P84089,0.225
P84091,0.177
P84096,0.15655
P84099,0.1614
P84104,0.358
P84228,0.068
P85094,0.041
P97287,1.211875
P97290,2.3773
P97314,0.3672
P97315,0.305666667
P97328,0.157666667
P97333,0.4974
P97346,0.4045
P97351,0.1076
P97352,0.139944444
P97355,0.151944444
P97364,0.0874
P97370,0.25005
P97371,0.19385
P97372,0.2164
P97379,0.1914
P97384,0.24725
P97386,0.1705
P97390,0.1566875
P97429,0.224
P97443,0.07925
P97447,0.7557
P97449,0.17985
P97450,0.0395
P97461,0.093
P97467,0.55695
P97470,0.4608
P97478,0.04665
P97493,0.17
P97494,0.086666667
P97499,0.185
P97742,0.1213
P97765,0.2395
P97807,0.0314
P97821,0.4246
P97822,0.40885
P97823,0.06625
P97825,0.4213
P97855,0.30125
P97863,0.20375
P97873,0.109
P97927,0.16565
P97929,0.362
P97930,0.203
P98078,0.51945
P98083,1.415
P98156,0.306333333
P98192,0.170375
P98203,0.3765
P99024,0.22595
P99026,0.1439
P99027,0.1787
P99028,0.0462
P99029,0.03715
Q00493,0.2967
Q00519,0.2296
Q00612,0.328285714
Q00623,0.76645
Q00897,0.3585
Q00915,0.38625
Q00993,0.9236
Q00PI9,0.64205
Q01149,0.0346
Q01279,0.329
Q01339,1.7747
Q01405,0.20665
Q01730,0.125333333
Q01768,0.0907
Q01815,0.2808
Q01853,0.2383
Q02013,0.152
Q02053,0.1708
Q02248,0.161
Q02257,0.10835
Q02357,0.181833333
Q02566,0.06925
Q02788,0.04415
Q02819,0.94915
Q03141,0.42425
Q03173,0.4125
Q03249,0.08775
Q03265,0.037
Q03958,0.130333333
Q04207,0.3685
Q04447,0.1443
Q04690,0.157
Q04750,0.152
Q04857,0.0516
Q05144,0.252
Q05186,0.463
Q05512,0.633
Q05793,0.12815
Q05816,0.1473
Q05920,0.09695
Q05BC3,0.09545
Q05CL8,0.275
Q05D44,0.9157
Q06138,0.2965
Q06185,0.02845
Q06770,0.4514
Q06890,1.31775
Q07076,0.21825
Q07113,0.54175
Q07417,0.03485
Q07456,1.3378
Q08091,0.68915
Q08093,0.55375
Q08481,0.5021
Q08857,0.1729
Q08879,0.3508
Q0GNC1,0.2605
Q0II04,0.0429
Q0KL02,0.5234
Q0P5X1,0.128
Q0VGY8,0.84525
Q11011,0.09385
Q11136,0.2543
Q148V7,0.18175
Q148W8,0.625833333
Q149B8,0.1469
Q149T7,0.303
Q14C51,0.13365
Q14CH7,0.21975
Q1ERP8,0.1755
Q1HFZ0,0.477
Q1XH17,0.1074
Q2NL51,0.2075
Q2TBE6,0.138
Q2TPA8,0.0564
Q3B7Z2,0.1977
Q3KNM2,2.4428125
Q3TBT3,0.328
Q3TBW2,0.061333333
Q3TC33,0.049
Q3TC72,0.04535
Q3TC93,0.21525
Q3TCH7,0.27395
Q3TCJ1,0.156333333
Q3TCN2,0.48575
Q3TDD9,0.2568
Q3TDN2,0.208
Q3TDQ1,0.163
Q3TEA8,0.2325
Q3THE2,0.54495
Q3THF9,0.10305
Q3THG9,0.269333333
Q3THK7,0.41585
Q3THS6,0.45
Q3TIU4,0.888
Q3TIV5,0.350142857
Q3TIX9,0.252
Q3TJD7,0.24815
Q3TJZ6,0.2853125
Q3TL26,0.6934375
Q3TL44,0.0395
Q3TLP5,0.0375
Q3TMH2,0.079
Q3TMP8,0.12305
Q3TPE9,0.2835
Q3TPX4,0.183
Q3TQB2,0.184
Q3TVI8,0.2791
Q3TW96,0.217
Q3TXS7,0.17985
Q3TYX3,0.61575
Q3TZ89,0.227
Q3TZZ7,0.2424
Q3U0B3,0.0817
Q3U0M1,0.123
Q3U0S6,0.24295
Q3U0V1,0.2849
Q3U186,0.239666667
Q3U1C6,0.264
Q3U1J4,0.33665
Q3U213,0.067
Q3U2A8,0.12
Q3U3R4,0.1196
Q3U487,0.324166667
Q3U4I7,0.053
Q3U5Q7,0.1305
Q3U7R1,0.27765
Q3U7U3,0.178
Q3U962,0.132
Q3U9G9,0.658928571
Q3UBX0,0.1136
Q3UDE2,0.136
Q3UDP0,0.442
Q3UE37,0.222
Q3UFY7,0.197
Q3UFY8,0.112333333
Q3UGR5,0.109
Q3UH60,0.3905
Q3UH68,0.33535
Q3UHB1,0.1622
Q3UHJ0,0.2707
Q3UHX2,0.299
Q3UHZ5,0.7184
Q3UI43,0.318666667
Q3UIA2,0.744166667
Q3UIJ9,0.47545
Q3UIR3,0.36975
Q3UIU2,0.0335
Q3UIZ8,0.2115
Q3UJB3,0.873222222
Q3UJB9,0.3656
Q3UJU9,0.3508125
Q3UKJ7,0.6916
Q3ULD5,0.0233
Q3ULF4,0.11565
Q3ULJ0,0.08215
Q3UM29,0.49925
Q3UM45,0.1142
Q3UMB9,0.3545
Q3UMF0,0.17165
Q3UMW7,0.322
Q3UN02,0.19025
Q3UN90,0.041
Q3UPH1,0.552722222
Q3UPL0,0.30475
Q3UQ28,0.52475
Q3UQ84,0.33955
Q3UQN2,0.438357143
Q3UQS8,0.182
Q3URD3,0.158
Q3URE1,0.08455
Q3UTJ2,0.20035
Q3UUI3,0.037333333
Q3UV17,0.079
Q3UV70,0.124166667
Q3UW53,0.37875
Q3UYV9,0.706125
Q3UZA1,0.19255
Q3V009,0.139
Q3V132,0.051
Q3V1L4,0.174
Q3V1V3,0.125
Q3V384,0.084
Q3V3R4,0.19025
Q499X9,0.1368125
Q4ACU6,0.157
Q4FK66,0.183
Q4FZC9,0.107333333
Q4KML4,0.120083333
Q4KMM3,0.1935
Q4PJX1,0.358944444
Q4U4S6,0.7855
Q4VA53,0.265055556
Q4VAA2,0.28425
Q4VAE3,0.03045
Q4VBD2,0.0805
Q501J2,0.324625
Q501J6,0.393
Q505D1,0.2761
Q505D7,0.1975
Q505F5,0.222944444
Q566J8,0.2068
Q569Z5,0.69
Q571I9,0.334
Q58A65,0.6589
Q59J78,0.243
Q5BKP2,0.53425
Q5BL07,0.214
Q5DTJ9,0.31295
Q5DTT1,0.145
Q5EBG6,0.2442
Q5EBG8,0.294625
Q5F285,0.0485
Q5F2E8,0.383
Q5FW52,0.15355
Q5FW53,0.1382
Q5FWK3,0.479416667
Q5H8C4,0.1538
Q5HZI9,0.072
Q5I1X5,0.223875
Q5I2A0,0.734
Q5IRJ6,0.429166667
Q5KU39,0.794
Q5M8N4,0.0423
Q5NBX1,0.1065
Q5NCS9,0.297
Q5ND29,0.354071429
Q5ND52,0.104
Q5PRF0,0.311666667
Q5QNQ6,0.1385
Q5RJG7,0.115
Q5SRX1,0.383666667
Q5SSK3,0.189333333
Q5SSW2,0.342055556
Q5SSZ5,0.631142857
Q5SUA5,0.182
Q5SUC9,0.03645
Q5SUE8,1.7265
Q5SUF2,0.183
Q5SUR0,0.374333333
Q5SVL6,0.296714286
Q5SVR0,0.502571429
Q5SW19,0.3037
Q5SWT3,0.0609
Q5SWU9,0.183875
Q5SYD0,0.273
Q5SYL3,0.207785714
Q5U3K5,0.3716
Q5U458,0.09215
Q5XJY4,0.105388889
Q5XJY5,0.29745
Q5XPI3,0.365
Q60520,0.294
Q60590,0.5424
Q60592,0.255428571
Q60597,0.07985
Q60605,0.382
Q60631,0.2758
Q60634,0.6514375
Q60648,0.574
Q60649,0.427944444
Q60668,0.1559
Q60674,0.031
Q60675,0.0356
Q60676,0.125833333
Q60692,0.137833333
Q60710,0.2004
Q60714,0.11165
Q60715,0.8346
Q60716,0.3635
Q60737,0.9865
Q60739,0.201
Q60749,0.6245
Q60759,0.0395
Q60766,0.094
Q60770,0.2005
Q60780,0.4575
Q60847,0.431333333
Q60854,0.1363
Q60864,0.19405
Q60865,0.629916667
Q60866,0.09685
Q60870,0.059
Q60875,0.362611111
Q60902,0.2154
Q60930,0.04105
Q60931,0.0444
Q60932,0.03535
Q60936,0.1371
Q60960,0.636857143
Q60967,0.645
Q60973,0.349
Q60994,0.0457
Q60996,0.1826875
Q61001,0.08555
Q61033,0.21325
Q61035,0.257357143
Q61037,0.492833333
Q61074,0.4236
Q61081,0.37735
Q61093,0.4312
Q61102,0.264214286
Q61129,0.65775
Q61133,0.093
Q61136,0.2375
Q61147,0.4419
Q61151,0.2575
Q61160,0.10795
Q61166,0.317
Q61171,0.1039
Q61176,0.702916667
Q61187,0.22125
Q61191,0.23465
Q61194,0.38
Q61206,0.104
Q61207,0.36715
Q61210,0.63525
Q61211,0.273
Q61214,0.2535
Q61233,0.2742
Q61234,0.1208
Q61235,0.12075
Q61239,0.230833333
Q61247,0.374055556
Q61249,0.289
Q61292,0.06255
Q61301,0.05
Q61316,0.194
Q61335,0.264714286
Q61387,0.051555556
Q61398,0.8699
Q61425,0.02395
Q61503,0.15725
Q61508,0.4875
Q61510,0.5175
Q61543,0.3627
Q61545,0.236
Q61548,0.2325
Q61550,0.517
Q61553,0.202125
Q61554,0.0972
Q61555,0.094
Q61559,0.265
Q61576,0.816
Q61578,0.083
Q61581,0.4445
Q61584,0.253
Q61586,0.260375
Q61595,0.48155
Q61598,0.17895
Q61599,0.1873
Q61646,12.65233333
Q61655,0.166583333
Q61656,0.7033
Q61699,0.4152
Q61702,0.6117
Q61703,0.5197
Q61704,0.53795
Q61712,1.247666667
Q61733,0.179166667
Q61735,0.116
Q61738,0.1641
Q61739,0.21065
Q61749,0.465333333
Q61753,0.205
Q61768,0.3091
Q61830,0.329611111
Q61838,0.3414
Q61878,0.0505
Q61879,0.2599
Q61937,0.3094
Q61941,0.019
Q61990,0.37625
Q62000,0.1127
Q62009,0.3448
Q62048,0.42685
Q62059,0.3588
Q62086,0.33925
Q62087,0.194
Q62093,0.202
Q62095,0.408333333
Q62148,0.4584
Q62165,0.114285714
Q62186,0.455
Q62188,0.21915
Q62189,0.411
Q62191,0.126
Q62193,0.249
Q62219,0.232444444
Q62234,0.0849
Q62261,0.18995
Q62266,0.486666667
Q62318,0.3969
Q62348,0.31965
Q62351,0.37055
Q62356,0.2235
Q62384,0.3835
Q62393,0.2058
Q62407,0.1016
Q62417,0.12945
Q62418,0.346666667
Q62419,0.768928571
Q62422,0.36365
Q62425,0.0518
Q62426,0.169571429
Q62432,0.322333333
Q62433,0.4411
Q62446,0.263555556
Q62448,0.47155
Q62465,0.19465
Q62523,0.3021
Q63810,0.2102
Q63829,0.247
Q63844,0.234
Q63850,1.712
Q63918,0.1249
Q63932,0.21675
Q63961,0.0765
Q64010,0.2233
Q64012,0.6975
Q640N1,0.203333333
Q64105,0.0722
Q64133,0.078166667
Q64152,0.3001875
Q64191,0.2418
Q64213,0.2808125
Q64310,0.18925
Q64314,0.41405
Q64331,0.265333333
Q64337,2.179
Q64338,0.0815
Q64339,0.373944444
Q64362,0.334
Q64378,0.892777778
Q64433,0.0357
Q64442,0.0756
Q64444,0.093
Q64449,0.431
Q64462,0.27175
Q64471,0.081
Q64511,0.28885
Q64514,0.17195
Q64516,0.04205
Q64520,0.1384
Q64521,0.0883
Q64669,0.0752
Q64674,0.341
Q64726,1.701722222
Q64727,0.0769
Q64735,0.144
Q64737,0.1031
Q65CL1,0.14015
Q66GT5,0.054
Q66JZ4,0.2895
Q68EF0,0.2505
Q68FD5,0.1937
Q68FF6,0.141
Q68FH4,0.136
Q68FL6,0.209055556
Q69Z38,0.241833333
Q69ZN7,0.2297
Q69ZP3,0.165
Q69ZR2,0.37235
Q69ZS7,0.2795
Q6A026,0.362222222
Q6A028,0.317
Q6A068,0.563166667
Q6A0A2,0.119
Q6A0A9,0.27275
Q6A0D4,0.3774
Q6A4J8,0.744
Q6DFV3,0.24
Q6DFW4,0.151
Q6DID3,0.278
Q6DID7,1.741
Q6DVA0,0.27
Q6GQT1,0.262
Q6GQT9,0.182
Q6IR34,0.272
Q6IRU2,0.3494
Q6IRU5,0.171666667
Q6KCD5,0.486333333
Q6NSR8,0.086
Q6NT99,0.317714286
Q6NVE8,0.343444444
Q6NVE9,0.094375
Q6NVF9,0.21
Q6NZC7,0.3253
Q6NZJ6,0.4135
Q6P069,0.226
Q6P1B1,0.1812
Q6P1F6,0.21225
Q6P2B1,0.3058
Q6P3A8,0.0449
Q6P3E7,0.119
Q6P4S6,0.342
Q6P4T2,0.4539
Q6P542,0.6406
Q6P549,0.464
Q6P5D8,0.255777778
Q6P5E4,0.36245
Q6P5F9,0.243571429
Q6P5H2,0.366625
Q6P5H6,0.266
Q6P6L0,0.226
Q6P8I4,0.29
Q6P8J7,0.0508
Q6P8M1,0.087333333
Q6P8X1,0.22275
Q6P9Q4,1.727
Q6P9Q6,0.2368
Q6P9R2,0.0939
Q6P9Z1,0.216
Q6PA06,0.23
Q6PAM0,0.16575
Q6PAR5,0.046
Q6PAV2,0.219611111
Q6PB44,0.4039
Q6PB66,0.1172
Q6PCP5,0.752625
Q6PD03,0.204214286
Q6PD31,0.4326
Q6PDG5,0.491
Q6PDG8,0.436
Q6PDH0,0.666
Q6PDI5,0.2659
Q6PDL0,0.183428571
Q6PDM2,0.5044
Q6PDN3,0.751642857
Q6PDQ2,0.695
Q6PE01,0.189333333
Q6PE15,0.09085
Q6PEB6,0.148888889
Q6PER3,1.306125
Q6PFD9,0.0785
Q6PGB6,0.3575
Q6PGF7,0.1995
Q6PGL7,0.542611111
Q6PHN9,0.204444444
Q6PHQ8,0.348666667
Q6PHZ2,0.1154
Q6PIC6,0.13
Q6PIE5,0.3012
Q6PIU9,0.1925
Q6Q899,0.21075
Q6R891,4.267
Q6RUT7,0.161
Q6URW6,0.1602
Q6VNB8,0.346
Q6WKZ8,0.26
Q6WVG3,0.20205
Q6Y7W8,0.22875
Q6ZPE2,0.163888889
Q6ZPJ3,0.214416667
Q6ZPR5,0.1768
Q6ZPU9,0.904
Q6ZQ08,0.21835
Q6ZQ38,0.17865
Q6ZQ73,0.23005
Q6ZQ88,0.285166667
Q6ZQB6,0.1725625
Q6ZQH8,0.1478
Q6ZQI3,0.141
Q6ZQK5,0.17
Q6ZQM8,0.647
Q6ZWM4,0.150666667
Q6ZWN5,0.12385
Q6ZWQ0,1.6922
Q6ZWR6,0.3653
Q6ZWV3,0.285375
Q6ZWV7,0.11
Q6ZWX6,0.21675
Q6ZWY3,0.17175
Q6ZWZ2,0.207
Q70FJ1,0.246
Q70IV5,0.183
Q70KF4,0.27255
Q71FD7,0.2527
Q71LX4,0.05835
Q71RI9,0.03475
Q75N62,0.081
Q75N73,0.4225
Q76LL6,0.407928571
Q76MZ3,0.1785
Q78IK2,0.01895
Q78IK4,0.0494
Q78J03,0.044277778
Q78JE5,0.367
Q78JW9,0.491
Q78PY7,0.31995
Q78RX3,0.1388
Q78ZA7,0.23865
Q791T5,0.09935
Q791V5,0.0315
Q7M6Y3,0.348666667
Q7TMB8,0.2268
Q7TMF3,0.0594
Q7TMK9,0.2668
Q7TMM9,0.234571429
Q7TMW6,0.148
Q7TMY8,0.25075
Q7TNG5,0.16695
Q7TNG8,0.255083333
Q7TNV0,0.118333333
Q7TPH6,0.6465
Q7TPR4,0.228
Q7TPV4,0.3543
Q7TPW1,0.4175
Q7TQ48,0.0516
Q7TQ95,0.1616
Q7TQG1,0.17925
Q7TQI3,0.16275
Q7TQK5,0.299111111
Q7TSE6,0.196
Q7TSH2,0.3074
Q7TSI3,0.163833333
Q7TSQ8,0.14855
Q7TSV4,0.12025
Q7TT28,0.171666667
Q7TT50,0.40445
Q80TL7,0.299
Q80TM9,0.4125
Q80TV8,0.3065
Q80U63,0.38255
Q80U78,0.2975
Q80U93,0.3229
Q80U95,0.258
Q80UG5,0.18935
Q80UJ7,0.183
Q80UM3,0.4155
Q80UM7,0.393428571
Q80UP3,0.183
Q80UP5,0.5105
Q80UP8,0.3695
Q80UU9,0.567
Q80UW5,0.0874
Q80UW8,0.508333333
Q80UY1,0.140166667
Q80UY2,0.558375
Q80V03,1.2165
Q80VP1,0.20855
Q80VP5,0.07
Q80W21,0.038
Q80W22,0.2395
Q80WJ7,0.2456
Q80WQ2,0.2025625
Q80X19,0.22035
Q80X41,0.717333333
Q80X50,0.22355
Q80X71,0.401833333
Q80X73,0.232875
Q80X85,0.12095
Q80X90,0.2212
Q80XB4,0.6452
Q80XI3,0.393
Q80XL6,0.22105
Q80XN0,0.0742
Q80XQ2,0.299666667
Q80Y14,0.08415
Q80Y81,0.390875
Q80YD1,0.131611111
Q80YV4,0.2109375
Q80YX1,0.626555556
Q80ZK0,0.101
Q80ZS3,0.1121
Q80ZV0,0.286
Q810A7,0.134625
Q810B6,0.283777778
Q811D0,0.2056875
Q811I0,0.179
Q811U4,0.20895
Q8BFP9,0.06985
Q8BFQ4,1.25925
Q8BFR4,0.644
Q8BFR5,0.0417
Q8BFS6,0.185388889
Q8BFW7,0.14235
Q8BFY6,0.301
Q8BFY9,0.2856
Q8BFZ1,0.087
Q8BFZ3,0.263714286
Q8BFZ9,0.1055
Q8BG05,0.19725
Q8BG32,0.2045
Q8BG51,0.0981
Q8BG60,0.73795
Q8BG67,0.192285714
Q8BG79,0.04
Q8BG95,0.19185
Q8BGB7,0.22175
Q8BGB8,0.0979
Q8BGC4,0.09
Q8BGD9,0.1455
Q8BGE6,0.213333333
Q8BGH2,0.0323
Q8BGI7,0.1505
Q8BGK2,0.09535
Q8BGP6,0.0515
Q8BGQ7,0.31615
Q8BGV0,0.088
Q8BGX2,0.056
Q8BGY7,0.050428571
Q8BH04,0.58115
Q8BH24,0.214
Q8BH35,0.6085
Q8BH43,0.2131
Q8BH55,0.1644
Q8BH58,0.1935
Q8BH59,0.03445
Q8BH60,0.357
Q8BH61,0.22895
Q8BH64,0.1109
Q8BH69,0.1288
Q8BH74,0.370333333
Q8BH79,0.142666667
Q8BH86,0.18875
Q8BH95,0.0263
Q8BH97,0.65135
Q8BHC0,0.431166667
Q8BHC4,0.319666667
Q8BHD7,0.304
Q8BHE8,0.0495
Q8BHF7,0.41
Q8BHG1,0.347083333
Q8BHG2,0.19315
Q8BHL8,0.302125
Q8BHN3,0.2358
Q8BHY8,0.545142857
Q8BI84,0.532
Q8BIF0,0.853611111
Q8BIG7,0.1219375
Q8BIJ6,0.0487
Q8BIJ7,0.32
Q8BIK4,0.3918
Q8BIP0,0.198
Q8BIW1,0.17395
Q8BJ03,0.1580625
Q8BJ71,0.171928571
Q8BJL1,0.409
Q8BJS4,0.735611111
Q8BJU0,0.338777778
Q8BJW6,0.12775
Q8BJY1,0.1467
Q8BJZ4,0.152055556
Q8BK03,0.2035
Q8BK30,0.054
Q8BK63,0.497333333
Q8BK64,0.3055625
Q8BK67,0.2525
Q8BK72,0.245333333
Q8BKC5,0.3769
Q8BKE6,0.281
Q8BKY8,0.20675
Q8BKZ9,0.03915
Q8BL65,0.087
Q8BL66,0.262111111
Q8BLF1,0.11045
Q8BMA6,0.4682
Q8BMD8,0.082
Q8BMF3,0.0348
Q8BMF4,0.03245
Q8BMG7,0.294166667
Q8BMJ2,0.45075
Q8BMK4,0.2356
Q8BMP6,0.2699375
Q8BMS1,0.0286
Q8BMS4,0.04715
Q8BND5,1.0112
Q8BNU0,0.08
Q8BP40,0.16125
Q8BP47,0.2572
Q8BP48,1.1145
Q8BP67,0.1643
Q8BP92,0.361625
Q8BPB5,0.1856
Q8BPE4,0.17825
Q8BPM0,0.48355
Q8BPM2,0.393
Q8BPU7,0.247
Q8BQZ4,0.5684375
Q8BR90,0.112
Q8BRF7,0.5084
Q8BRH0,0.876
Q8BRK8,0.50645
Q8BRT1,0.26205
Q8BSF4,0.1488
Q8BSL7,0.38
Q8BSQ9,0.622
Q8BSY0,0.1636
Q8BT51,0.17385
Q8BTG7,0.555333333
Q8BTJ4,0.3546
Q8BTM8,0.2041
Q8BTW8,0.4208
Q8BTX9,0.076
Q8BTY1,0.06375
Q8BTZ7,0.189888889
Q8BU30,0.214
Q8BU33,0.252416667
Q8BU85,0.2987
Q8BU88,0.093
Q8BUE4,0.26125
Q8BUK6,0.8198
Q8BUV3,0.7208
Q8BUY5,0.0645
Q8BUY9,0.126
Q8BVA4,0.584625
Q8BVA5,0.161916667
Q8BVD5,1.686
Q8BVE3,0.64765
Q8BVG4,0.1522
Q8BVI4,0.06035
Q8BVQ5,0.19975
Q8BVU5,0.2176
Q8BVW0,0.1745
Q8BVZ1,0.305
Q8BW75,0.06195
Q8BW94,0.1325
Q8BWA5,0.47405
Q8BWB1,0.1352
Q8BWF0,0.0239
Q8BWM0,0.06485
Q8BWQ6,0.334
Q8BWT1,0.022
Q8BWU5,0.3425
Q8BWY3,0.3964
Q8BWZ3,0.123
Q8BX02,0.2829
Q8BX09,0.353
Q8BX10,0.270333333
Q8BX70,0.24655
Q8BXL7,0.4125
Q8BXN7,0.502285714
Q8BXZ1,0.326875
Q8BY87,0.55975
Q8BYJ6,0.174833333
Q8BYK6,0.223
Q8BYL4,0.1408
Q8BYM8,0.03965
Q8BYU6,0.204
Q8BZ03,0.183
Q8BZ52,0.2545625
Q8BZA9,0.2183
Q8BZF8,0.12435
Q8BZJ7,0.179
Q8BZS9,1.051
Q8BZW8,0.1091
Q8C025,0.22025
Q8C052,0.6034
Q8C0C7,0.13145
Q8C0D5,0.409
Q8C0E2,0.3865
Q8C0E3,1.586
Q8C0I1,0.16255
Q8C0K5,0.2435
Q8C0L0,0.2635
Q8C0L9,0.4823
Q8C0M9,0.06425
Q8C0Z1,0.309
Q8C129,0.22805
Q8C163,0.192
Q8C166,0.18975
Q8C1A3,0.69125
Q8C1A5,0.20535
Q8C1B7,0.2145
Q8C2E7,0.664714286
Q8C2Q3,0.2504
Q8C3J5,0.564333333
Q8C3W1,0.6005
Q8C3X2,0.0205
Q8C3X4,0.1675
Q8C3X8,0.2506
Q8C4U3,0.707
Q8C570,0.15125
Q8C5H8,0.45375
Q8C5Q4,0.6938
Q8C650,0.201333333
Q8C6G8,0.433125
Q8C6I2,0.3183
Q8C6K9,0.03575
Q8C7D2,0.3615
Q8C7H1,0.06715
Q8C7R4,0.847222222
Q8C7X2,0.19015
Q8C878,0.1779
Q8C8R3,0.15565
Q8C8U0,2.173166667
Q8C9B9,0.116
Q8C9H6,0.803111111
Q8CAA7,0.121
Q8CAK1,0.03095
Q8CAQ8,0.0329
Q8CAY6,0.126
Q8CBA2,0.3771875
Q8CBE3,0.232
Q8CBY8,0.1711
Q8CC21,0.1165
Q8CC27,0.2055625
Q8CC35,0.123
Q8CC36,0.388875
Q8CC86,0.0663
Q8CC88,0.05075
Q8CCB4,1.106333333
Q8CCF0,0.309
Q8CCJ3,0.16175
Q8CCK0,0.081571429
Q8CDG3,0.132
Q8CDN6,0.486928571
Q8CE50,0.668
Q8CEI1,0.0659
Q8CFI7,0.17275
Q8CFX1,0.2531
Q8CFY5,0.22925
Q8CG19,0.140625
Q8CG70,0.74
Q8CG72,0.3995
Q8CG76,0.047166667
Q8CGA0,0.128
Q8CGB3,0.169
Q8CGB6,0.37085
Q8CGC7,0.20225
Q8CGF7,0.297
Q8CGK3,0.07505
Q8CGY6,0.3228
Q8CGY8,0.469642857
Q8CH18,0.1385
Q8CH72,0.7134
Q8CHC4,0.3772
Q8CHG7,1.327
Q8CHH9,0.199285714
Q8CHK3,0.169
Q8CHP8,0.1088
Q8CHS7,0.09705
Q8CHT0,0.0286
Q8CHW4,0.21825
Q8CHY6,0.2635
Q8CI04,0.814125
Q8CI08,0.159
Q8CI32,0.192375
Q8CI51,0.23825
Q8CI59,0.8535
Q8CI70,0.121
Q8CI78,0.035
Q8CI94,0.1046
Q8CI95,0.269
Q8CIB5,0.1641
Q8CIE6,0.2945
Q8CIF4,0.686
Q8CIG8,0.18335
Q8CIH5,0.265
Q8CIM3,0.03815
Q8CIN4,0.1914
Q8CIV8,0.462714286
Q8CIZ8,0.352611111
Q8CJ19,0.372916667
Q8CJ53,0.466444444
Q8CJG0,0.14945
Q8JZK9,0.755777778
Q8JZM0,0.18
Q8JZN5,0.0439
Q8JZN7,0.21025
Q8JZQ2,0.08345
Q8JZQ9,0.2069
Q8JZR0,1.140166667
Q8JZS9,0.063
Q8JZV7,0.3432
Q8K009,0.2405
Q8K010,0.13525
Q8K013,0.15725
Q8K0C9,0.134
Q8K0D5,0.17335
Q8K0E8,0.80445
Q8K0L0,0.598
Q8K0L9,1.195555556
Q8K0P3,0.284
Q8K0Q5,0.524
Q8K0U4,0.133
Q8K0Z7,0.10165
Q8K114,0.308
Q8K124,0.642142857
Q8K157,0.076
Q8K182,0.3887
Q8K183,0.0945
Q8K199,0.057
Q8K1B8,0.289071429
Q8K1E6,0.354
Q8K1I3,0.0824
Q8K1J6,0.085
Q8K1L5,0.136
Q8K1M6,0.1139
Q8K1N1,0.3564375
Q8K1R3,0.07885
Q8K1R7,0.5025
Q8K1Z0,0.04935
Q8K212,0.163611111
Q8K215,0.0445
Q8K268,0.305
Q8K273,0.2085
Q8K297,0.744611111
Q8K2A8,0.133
Q8K2B3,0.0448
Q8K2C6,0.0488
Q8K2H2,0.228
Q8K2I1,0.193214286
Q8K2I3,0.3823
Q8K2K6,0.289928571
Q8K2L8,0.775
Q8K2M0,0.0719
Q8K2Q0,0.1162
Q8K2Q5,0.12
Q8K2Q7,0.569
Q8K2T1,0.137
Q8K2Y7,0.0765
Q8K310,0.46465
Q8K354,0.1301
Q8K370,0.03275
Q8K3A0,0.3305
Q8K3C3,0.0827
Q8K3H0,0.145833333
Q8K3J1,0.04565
Q8K3K7,0.06325
Q8K3W2,0.2937
Q8K400,0.28425
Q8K411,0.07335
Q8K440,0.193666667
Q8K449,1.011
Q8K482,0.3564
Q8K4F5,0.0415
Q8K4G1,0.2807
Q8K4G5,0.0943
Q8K4I3,0.24575
Q8K4L3,0.3165
Q8K4Q8,0.1735
Q8K4Z3,0.0667
Q8K4Z5,0.3375
Q8QZR5,0.10135
Q8QZS1,0.027
Q8QZT1,0.03035
Q8QZY1,0.3323
Q8QZY9,0.146
Q8QZZ7,0.1964
Q8R001,0.2005
Q8R010,0.262
Q8R016,0.187642857
Q8R050,0.128333333
Q8R081,0.17725
Q8R086,0.05875
Q8R0F8,0.0383
Q8R0G9,0.09225
Q8R0H9,0.2645
Q8R0N6,0.06825
Q8R0P4,0.11495
Q8R0X7,0.186
Q8R0Y6,0.135
Q8R0Y8,0.0785
Q8R104,0.0696
Q8R105,0.1405
Q8R121,1.464
Q8R123,0.325555556
Q8R127,0.0376
Q8R146,0.1634
Q8R164,0.035
Q8R180,0.198
Q8R1A4,0.258333333
Q8R1B4,0.33555
Q8R1F1,0.6275
Q8R1F5,0.0762
Q8R1G2,0.05105
Q8R1H0,0.469
Q8R1I1,0.076
Q8R1Q8,0.16945
Q8R1S0,0.05465
Q8R1U1,0.657
Q8R1Z9,0.118
Q8R216,0.201571429
Q8R238,0.066
Q8R2G4,0.1513
Q8R2H9,0.186888889
Q8R2K1,0.293333333
Q8R2Q4,0.13195
Q8R2U0,0.603666667
Q8R2Y0,0.231333333
Q8R2Y2,0.34595
Q8R2Y8,0.112555556
Q8R2Z5,0.1714375
Q8R307,0.2405
Q8R317,0.323857143
Q8R326,0.433
Q8R361,0.2679375
Q8R395,0.116333333
Q8R3B1,0.1579
Q8R3F5,0.07575
Q8R3K3,0.516
Q8R3Q2,0.495
Q8R3S6,0.149
Q8R3V5,0.153333333
Q8R404,0.18025
Q8R429,0.132
Q8R4H2,0.48025
Q8R4N0,0.0389
Q8R4R6,0.1268
Q8R502,0.28
Q8R550,0.171
Q8R570,0.7885
Q8R574,0.089333333
Q8R5A0,0.588
Q8R5H1,0.329071429
Q8R5J9,0.1833
Q8R5L3,0.338
Q8VBT1,0.3322
Q8VBT9,0.239416667
Q8VBV3,0.118333333
Q8VBV7,0.1807
Q8VBW6,0.12265
Q8VBZ3,0.24
Q8VC03,0.097333333
Q8VC19,1.0052
Q8VC42,0.136666667
Q8VC52,0.38525
Q8VC65,0.349
Q8VC74,0.0585
Q8VCA8,0.067
Q8VCE1,0.2335
Q8VCE6,0.117
Q8VCF0,0.11505
Q8VCG4,0.4296
Q8VCH8,0.2775
Q8VCI5,0.255333333
Q8VCL2,0.064142857
Q8VCM4,0.090833333
Q8VCM5,0.367428571
Q8VCM7,0.415
Q8VCM8,0.39225
Q8VCN9,0.289875
Q8VCR7,0.1465
Q8VCS3,0.128
Q8VCT3,0.15
Q8VCT4,0.10385
Q8VCW8,0.09325
Q8VD26,0.0322
Q8VD62,0.5075
Q8VD65,0.288333333
Q8VD75,0.52845
Q8VDC0,0.07625
Q8VDC1,0.472944444
Q8VDD5,0.33545
Q8VDG5,0.13225
Q8VDI7,0.112
Q8VDJ3,0.5466
Q8VDK1,0.400785714
Q8VDM4,0.22755
Q8VDN2,0.1342
Q8VDP3,0.4448125
Q8VDP4,0.265625
Q8VDP6,0.174
Q8VDQ1,0.136
Q8VDQ8,0.173
Q8VDR9,0.30425
Q8VDT9,0.128333333
Q8VDW0,0.738666667
Q8VE22,0.1055
Q8VE37,0.0786
Q8VE38,0.10445
Q8VE47,0.175333333
Q8VE62,0.41975
Q8VE70,0.32
Q8VE73,0.527666667
Q8VE88,0.237071429
Q8VE95,0.07175
Q8VEA4,0.134666667
Q8VED9,0.333
Q8VEE0,0.162
Q8VEE1,0.3235
Q8VEE4,0.184
Q8VEH5,0.492666667
Q8VEJ9,0.5265
Q8VEK3,0.3062
Q8VEM8,0.037
Q8VH51,0.46325
Q8VHE0,0.1995
Q8VHI3,0.4815625
Q8VHL1,0.609
Q8VHX6,0.28715
Q8VHY0,0.33155
Q8VI36,0.192944444
Q8VI75,0.2332
Q8VIJ6,0.2556
Q8VIM9,0.196
Q8WTY4,0.2428
Q91V01,0.43575
Q91V04,0.327
Q91V12,0.083
Q91V16,0.063
Q91V41,0.2033
Q91V61,0.1903125
Q91V64,0.09435
Q91V76,0.1055
Q91V79,0.1045
Q91V92,0.2869
Q91VA6,0.26155
Q91VC3,0.186
Q91VD9,0.0473
Q91VE0,0.125
Q91VF2,0.085
Q91VH2,0.31875
Q91VH6,0.18575
Q91VI7,0.2367
Q91VJ2,0.24325
Q91VJ4,0.407388889
Q91VK1,0.3941
Q91VM9,0.0349
Q91VN4,0.16875
Q91VR2,0.025
Q91VR5,0.1936
Q91VT4,0.041
Q91VW3,0.2965
Q91VW5,0.5185
Q91W39,1.121
Q91W50,0.598
Q91W59,0.196
Q91W69,0.3148125
Q91W89,0.1512
Q91W90,0.35735
Q91W92,0.37
Q91WC0,0.946428571
Q91WC3,0.198
Q91WD5,0.0421
Q91WG2,1.687666667
Q91WG5,0.145
Q91WJ8,0.237
Q91WK0,0.237
Q91WK1,0.2091
Q91WK2,0.2854
Q91WK5,0.086666667
Q91WM2,1.5955
Q91WQ3,0.241
Q91WS0,0.036
Q91WU5,0.32625
Q91X72,1.1495
Q91XC9,0.135428571
Q91XD6,0.18305
Q91XE4,0.089777778
Q91XE8,0.162
Q91XF0,0.166333333
Q91XL9,0.234
Q91XU3,0.177
Q91Y86,0.218
Q91YE6,0.42625
Q91YE8,0.15955
Q91YH5,0.278428571
Q91YI0,0.453
Q91YJ2,0.317
Q91YJ5,0.12275
Q91YL3,0.424
Q91YM4,0.1261
Q91YN5,0.641
Q91YN9,0.2025
Q91YP0,0.051
Q91YP2,0.174888889
Q91YP3,0.2365
Q91YQ5,0.1929
Q91YR1,0.316916667
Q91YR7,0.34
Q91YR9,0.1665
Q91YS8,0.2342
Q91YT0,0.0502
Q91YW3,0.145
Q91YY4,0.125125
Q91Z53,0.07285
Q91Z83,0.07555
Q91ZA3,0.0304
Q91ZB0,0.53495
Q91ZE0,0.144833333
Q91ZJ5,0.19185
Q91ZP3,1.26
Q91ZR2,0.229333333
Q91ZU6,0.46675
Q91ZW2,0.324
Q91ZX7,1.093625
Q920A5,0.559
Q920A7,0.0937
Q920E5,0.330428571
Q920M5,0.18325
Q920Q6,0.18335
Q920Q8,1.372
Q921C5,0.3805
Q921F2,0.77975
Q921F4,0.288
Q921G7,0.0428
Q921G8,0.152
Q921H8,0.164944444
Q921H9,0.114125
Q921I1,0.39855
Q921J2,0.134
Q921L5,0.228
Q921M3,0.40845
Q921M4,0.71795
Q921M7,0.287111111
Q921N7,0.217
Q921S7,0.09155
Q921T2,0.339444444
Q921U8,0.28965
Q921X9,0.171666667
Q922B1,0.04395
Q922B2,0.4184375
Q922D4,0.3448
Q922D8,0.17885
Q922E4,0.129428571
Q922E6,0.117375
Q922F4,0.171166667
Q922H2,0.179
Q922H4,0.173
Q922J3,0.26345
Q922K7,0.624
Q922P9,0.3505
Q922Q1,0.12025
Q922Q4,0.2414375
Q922Q8,0.280166667
Q922R8,0.24075
Q922W5,0.419
Q923B6,0.2835
Q923D2,0.50975
Q923D4,0.2578
Q923K4,0.1125
Q923T9,0.23915
Q923Z3,0.1475
Q924C1,1.0055
Q924C5,0.136
Q924D0,0.05125
Q924M7,0.07905
Q924T2,0.10255
Q924X2,0.0453
Q925E7,0.126
Q925I1,0.04085
Q93092,0.2829
Q99020,0.4588
Q99J09,0.19275
Q99J23,0.079
Q99J39,0.03045
Q99J45,0.37075
Q99J47,0.09
Q99J56,0.184428571
Q99J99,0.0595
Q99JB2,0.09285
Q99JB8,0.2295
Q99JF8,0.3432
Q99JH8,0.303
Q99JI4,0.24295
Q99JI6,0.164
Q99JR1,0.476666667
Q99JR5,0.1798
Q99JR8,0.219
Q99JT1,0.223
Q99JW2,0.062
Q99JW4,0.14615
Q99JX3,0.2389
Q99JX4,0.404428571
Q99JY0,0.04905
Q99JY3,0.1314
Q99JY4,0.342666667
Q99JY8,0.564
Q99JY9,0.2023
Q99K01,1.24825
Q99K23,0.1915
Q99K28,0.275
Q99K41,0.20755
Q99K48,0.3291
Q99K51,0.3271
Q99K70,0.396
Q99K85,0.35225
Q99KB8,0.0921
Q99KC8,0.23895
Q99KF1,0.4211
Q99KH8,0.308833333
Q99KI0,0.0348
Q99KI3,0.15075
Q99KJ8,0.18365
Q99KK2,0.14615
Q99KK7,0.1653
Q99KK9,0.1402
Q99KL7,0.1715
Q99KP6,0.1957
Q99KQ4,0.11685
Q99KR3,0.1520625
Q99KR7,0.06355
Q99KV1,0.31225
Q99KX1,0.296
Q99L04,0.165
Q99L13,0.06595
Q99L27,0.183
Q99L43,0.14465
Q99L45,0.34835
Q99L47,0.24555
Q99L88,0.13575
Q99LB2,0.02415
Q99LB6,0.177916667
Q99LC3,0.04175
Q99LC5,0.0299
Q99LC8,0.16
Q99LC9,0.7445
Q99LD4,0.1495
Q99LD8,0.12745
Q99LD9,0.280875
Q99LE6,0.412166667
Q99LF4,0.2173125
Q99LI2,0.2505625
Q99LI7,0.243714286
Q99LI8,0.161
Q99LJ6,0.271
Q99LM2,0.570666667
Q99LN9,0.616333333
Q99LP6,0.16135
Q99LR1,0.272916667
Q99LX0,0.07745
Q99LY9,0.0421
Q99M04,0.4414
Q99M71,0.1795
Q99M87,0.11335
Q99MD6,0.230642857
Q99MD9,0.259
Q99ME9,0.539125
Q99MI1,0.343142857
Q99MN1,0.251785714
Q99MN9,0.04015
Q99MQ4,0.0994
Q99MR8,0.03545
Q99MR9,0.17795
Q99MS7,0.592
Q99MZ7,0.08
Q99N50,0.129
Q99N84,0.322833333
Q99N85,0.224
Q99N87,0.2425
Q99N89,0.22
Q99N93,0.094833333
Q99N94,0.0979
Q99N95,0.10465
Q99N96,0.0785
Q99NB1,0.0435
Q99NB8,0.248
Q99NB9,0.562944444
Q99P30,0.1569
Q99P31,0.4722
Q99P72,0.2246
Q99P88,0.4165
Q99PG2,0.34
Q99PL5,0.4784
Q99PM3,0.6275
Q99PR8,0.13565
Q99PT1,0.14095
Q99PU8,0.302333333
Q99PV0,0.32445
Q9CPP6,0.045
Q9CPQ1,0.03
Q9CPQ3,0.0766
Q9CPQ8,0.0331
Q9CPR4,0.19685
Q9CPR5,0.093944444
Q9CPS6,0.1395
Q9CPS7,0.374666667
Q9CPT4,0.4212
Q9CPU0,0.08395
Q9CPU2,0.023
Q9CPU4,0.453
Q9CPV4,0.09665
Q9CPW4,0.17
Q9CPW9,0.125
Q9CPX6,0.718
Q9CPX7,0.1426
Q9CPX8,0.092
Q9CPY0,0.139
Q9CPY7,0.05225
Q9CQ01,0.8405
Q9CQ06,0.213857143
Q9CQ10,0.323
Q9CQ19,0.335375
Q9CQ22,0.1865
Q9CQ40,0.0805
Q9CQ45,0.271
Q9CQ48,0.2845
Q9CQ54,0.03075
Q9CQ60,0.09485
Q9CQ62,0.02595
Q9CQ65,0.1103
Q9CQ69,0.0308
Q9CQ71,0.6225
Q9CQ75,0.038
Q9CQ80,0.226055556
Q9CQ85,0.214
Q9CQ91,0.029
Q9CQ92,0.0696
Q9CQA3,0.05215
Q9CQA9,0.319
Q9CQB5,0.1631
Q9CQC6,0.48645
Q9CQC7,0.04055
Q9CQC9,0.1676
Q9CQE1,0.109166667
Q9CQE2,0.112
Q9CQE3,0.135666667
Q9CQE5,0.215
Q9CQE8,0.0976
Q9CQF0,0.1416
Q9CQF3,0.461666667
Q9CQF8,0.272
Q9CQF9,0.1608
Q9CQH3,0.089142857
Q9CQH7,0.18075
Q9CQI3,0.2406
Q9CQI7,0.668857143
Q9CQJ6,0.123
Q9CQJ8,0.03565
Q9CQL4,0.1305
Q9CQL5,0.099214286
Q9CQM5,0.10935
Q9CQM9,0.1914
Q9CQN1,0.1663
Q9CQN3,0.114
Q9CQN6,0.032333333
Q9CQN7,0.132666667
Q9CQQ0,0.2665
Q9CQQ7,0.02755
Q9CQR4,0.03995
Q9CQR6,0.137875
Q9CQS4,0.088642857
Q9CQT1,0.124166667
Q9CQU0,0.355222222
Q9CQU3,0.3935
Q9CQV1,0.33765
Q9CQV5,0.143
Q9CQV6,3.045
Q9CQV7,0.0796875
Q9CQV8,0.1908
Q9CQW1,0.1552
Q9CQW3,0.051
Q9CQW9,1.0926
Q9CQX2,0.156
Q9CQX8,0.03935
Q9CQY6,0.3123
Q9CQZ1,0.155333333
Q9CQZ5,0.04955
Q9CQZ6,0.035
Q9CR00,0.41465
Q9CR09,0.2529
Q9CR10,0.216142857
Q9CR13,0.21985
Q9CR16,0.17835
Q9CR21,0.04
Q9CR24,0.076555556
Q9CR29,0.8816
Q9CR39,0.1
Q9CR42,1.90395
Q9CR57,0.4017
Q9CR59,0.239
Q9CR61,0.03675
Q9CR62,0.0338
Q9CR63,0.213333333
Q9CR67,0.29405
Q9CR68,0.03005
Q9CR86,0.276928571
Q9CR98,0.104666667
Q9CRA5,0.146
Q9CRB8,0.0531
Q9CRB9,0.0336
Q9CRC3,0.187
Q9CRC9,0.2965
Q9CRD0,0.1681
Q9CRD2,0.187
Q9CRT8,0.330375
Q9CS72,0.603071429
Q9CSU0,0.28365
Q9CT10,0.4524
Q9CTY5,0.0795
Q9CU62,0.41575
Q9CVB6,0.2254
Q9CW03,0.420571429
Q9CWE0,0.2351
Q9CWG8,0.51025
Q9CWJ9,0.14375
Q9CWK8,0.2645
Q9CWM4,0.241166667
Q9CWS0,0.169
Q9CWU6,0.21
Q9CWX2,0.184
Q9CWZ7,0.45525
Q9CX34,0.2947
Q9CX56,0.241
Q9CX80,0.2691875
Q9CX86,0.3723
Q9CXD6,0.040166667
Q9CXI0,0.1009
Q9CXI5,0.195285714
Q9CXJ1,0.044
Q9CXJ4,0.445
Q9CXS4,0.055
Q9CXT8,0.24595
Q9CXV1,0.206833333
Q9CXW2,0.388888889
Q9CXW3,0.23775
Q9CXW4,0.14765
Q9CXY6,0.22275
Q9CXZ1,0.04845
Q9CY16,0.198944444
Q9CY27,0.1572
Q9CY50,0.208666667
Q9CY57,0.26925
Q9CY58,0.38615
Q9CY64,0.1111
Q9CY73,0.110777778
Q9CYA0,0.2855
Q9CYF5,0.168
Q9CYG7,0.2161875
Q9CYH2,0.108833333
Q9CYK1,0.085333333
Q9CYN2,0.279833333
Q9CYR0,0.2065625
Q9CYR6,0.5285
Q9CYT6,0.2768
Q9CYW4,0.0492
Q9CYZ2,0.372944444
Q9CZ04,0.2666
Q9CZ13,0.0303
Q9CZ28,0.502
Q9CZ30,0.0863
Q9CZ42,0.131
Q9CZ44,0.17475
Q9CZB0,0.0263
Q9CZC8,0.333166667
Q9CZD3,0.179555556
Q9CZG3,0.227
Q9CZJ2,0.13455
Q9CZL5,0.116
Q9CZM2,0.1543
Q9CZN8,0.1725
Q9CZP5,0.099428571
Q9CZR2,0.191071429
Q9CZR8,0.0689
Q9CZS1,0.06155
Q9CZU4,0.407277778
Q9CZU6,0.02725
Q9CZW5,0.153666667
Q9CZX8,0.1609
Q9CZY3,0.139625
Q9D009,0.1979
Q9D020,0.0711
Q9D023,0.0409
Q9D024,0.193333333
Q9D051,0.0318
Q9D071,0.303
Q9D0A3,0.115
Q9D0B5,0.0938
Q9D0B6,1.367875
Q9D0C4,0.457
Q9D0D3,0.292666667
Q9D0E1,0.24855
Q9D0F3,0.218333333
Q9D0F9,0.065
Q9D0G0,0.0975
Q9D0I4,0.214571429
Q9D0I6,0.821666667
Q9D0I9,0.1527
Q9D0J4,0.159666667
Q9D0J8,0.133
Q9D0K2,0.0649
Q9D0L4,0.0790625
Q9D0L7,0.165
Q9D0M1,0.157071429
Q9D0M3,0.02885
Q9D0M5,0.104666667
Q9D0Q7,0.09975
Q9D0R2,0.367
Q9D0R8,0.114
Q9D0S9,0.04255
Q9D0T1,0.241
Q9D0W5,0.192
Q9D114,0.1058
Q9D154,0.27065
Q9D172,0.0401
Q9D173,0.142
Q9D187,0.958
Q9D1A2,0.20185
Q9D1B9,0.11595
Q9D1C8,0.391666667
Q9D1D4,0.2435
Q9D1E6,0.370666667
Q9D1G1,0.20245
Q9D1G3,0.03265
Q9D1G5,0.148428571
Q9D1H6,0.024
Q9D1H7,0.2603125
Q9D1H8,0.576
Q9D1H9,0.206333333
Q9D1I2,0.083
Q9D1I5,0.054833333
Q9D1I6,0.1015
Q9D1L0,1.09605
Q9D1L9,0.30965
Q9D1M0,0.233071429
Q9D1M7,0.306
Q9D1P0,0.133875
Q9D1P4,0.32425
Q9D1Q6,0.26225
Q9D1R9,0.1378
Q9D1X0,0.1585
Q9D1Z3,0.1645
Q9D281,0.484
Q9D2C7,0.3145
Q9D2G2,0.0295
Q9D2N4,0.0635
Q9D2N9,0.427666667
Q9D2R6,0.17595
Q9D2V7,0.23035
Q9D338,0.284142857
Q9D358,0.1268125
Q9D379,0.27575
Q9D394,1.116
Q9D3D9,0.03275
Q9D404,0.0415
Q9D4H1,0.389375
Q9D4H8,0.37075
Q9D517,0.11805
Q9D554,0.1515
Q9D5T0,0.10875
Q9D5V5,0.2662
Q9D5V6,0.261
Q9D662,0.98875
Q9D666,0.259
Q9D6F9,0.1095
Q9D6J5,0.03445
Q9D6J6,0.03525
Q9D6K5,0.180833333
Q9D6K8,0.091333333
Q9D6M3,0.0584
Q9D6R2,0.0341
Q9D6S7,0.061
Q9D6U8,0.0509
Q9D6Y7,0.1465
Q9D6Y9,0.12895
Q9D6Z0,0.5665
Q9D6Z1,0.20845
Q9D710,0.1624
Q9D773,0.093
Q9D783,0.37585
Q9D7A6,0.301
Q9D7A8,0.0718
Q9D7B6,0.03685
Q9D7B7,0.694
Q9D7G0,0.096
Q9D7H3,0.1288
Q9D7J4,0.066
Q9D7J9,0.031
Q9D7N3,0.16
Q9D7N6,0.15025
Q9D7N9,0.255642857
Q9D7S9,0.393777778
Q9D7X3,0.1602
Q9D819,0.16105
Q9D820,0.530388889
Q9D832,0.37555
Q9D855,0.03485
Q9D868,0.207333333
Q9D880,0.0806
Q9D892,0.1316
Q9D8B3,0.3981
Q9D8B4,0.04845
Q9D8C4,0.327
Q9D8E6,0.163
Q9D8H7,0.09545
Q9D8N0,0.1442
Q9D8N2,0.182333333
Q9D8P4,0.690214286
Q9D8S4,0.137
Q9D8S9,0.161
Q9D8T7,0.1788
Q9D8U8,0.826333333
Q9D8W5,0.228555556
Q9D8W7,0.216125
Q9D8X1,0.1035
Q9D8Y0,0.4246875
Q9D8Y1,0.044
Q9D906,0.3865
Q9D920,0.056
Q9D924,0.163
Q9D938,0.148
Q9D967,0.12625
Q9D9V3,0.050857143
Q9DA03,0.0922
Q9DAM5,0.0625
Q9DAM7,0.2167
Q9DAR7,0.2106
Q9DAS9,0.362333333
Q9DAT5,0.123166667
Q9DAU1,0.046
Q9DAW6,0.521
Q9DAW9,0.80775
Q9DB05,0.274944444
Q9DB15,0.0912
Q9DB20,0.028
Q9DB26,0.224666667
Q9DB27,0.174277778
Q9DB29,0.828
Q9DB30,0.1195
Q9DB60,0.0764
Q9DB70,0.160222222
Q9DB73,0.0756
Q9DB76,0.152
Q9DB77,0.02875
Q9DBB8,0.2022
Q9DBB9,0.375277778
Q9DBC0,0.134833333
Q9DBC7,0.3766875
Q9DBD0,1.7025
Q9DBD5,0.3075
Q9DBE0,0.134916667
Q9DBF1,0.6925
Q9DBG1,0.233333333
Q9DBG3,0.2097
Q9DBG5,0.28295
Q9DBG6,0.22145
Q9DBG7,0.305125
Q9DBG9,0.676666667
Q9DBH5,0.184
Q9DBJ1,0.13535
Q9DBL1,0.0985
Q9DBL7,0.085
Q9DBM2,0.17725
Q9DBN5,0.572333333
Q9DBP5,0.12095
Q9DBR7,0.6213125
Q9DBS1,0.26335
Q9DBU0,0.374642857
Q9DBZ5,0.456333333
Q9DC07,0.056
Q9DC16,0.3115
Q9DC23,0.389
Q9DC29,0.164
Q9DC50,0.24175
Q9DC61,0.1015
Q9DC69,0.0361
Q9DC70,0.074
Q9DC71,0.141388889
Q9DC77,0.33275
Q9DCA2,0.0864
Q9DCB8,0.1198
Q9DCC4,0.119444444
Q9DCC8,0.202
Q9DCD0,0.14
Q9DCH4,0.2524
Q9DCJ5,0.03155
Q9DCJ9,0.282
Q9DCL8,0.2925
Q9DCL9,0.245
Q9DCM0,0.03955
Q9DCM2,0.0385
Q9DCN2,0.13695
Q9DCS2,0.136777778
Q9DCS3,0.06805
Q9DCS9,0.03435
Q9DCT1,0.20475
Q9DCT2,0.0412
Q9DCT8,0.1479
Q9DCU6,0.79025
Q9DCV4,0.057
Q9DCV7,0.5487
Q9DCW4,0.031
Q9DCX2,0.0334
Q9DCZ1,0.106928571
Q9DCZ4,0.0447
Q9EP53,0.20975
Q9EP69,0.2109375
Q9EP72,0.60555
Q9EP89,0.049
Q9EPB4,0.173833333
Q9EPB5,0.0631
Q9EPE9,0.21305
Q9EPJ9,0.27075
Q9EPK7,0.23625
Q9EPL8,0.355
Q9EPL9,0.1519375
Q9EPM5,0.194444444
Q9EPU0,0.27615
Q9EPU4,0.1822
Q9EPX2,0.143833333
Q9EQ06,0.2448
Q9EQ20,0.0369
Q9EQ61,1.302666667
Q9EQ80,0.155
Q9EQC5,0.909
Q9EQG9,0.2884
Q9EQH2,0.18235
Q9EQH3,0.11875
Q9EQI8,0.255333333
Q9EQK5,0.29945
Q9EQN3,0.17
Q9EQP2,0.37115
Q9EQQ9,0.42625
Q9EQS3,0.081
Q9EQU5,0.366857143
Q9EQW7,0.290333333
Q9ER00,0.36245
Q9ER35,0.141666667
Q9ER41,0.269333333
Q9ER64,0.201
Q9ER72,0.353714286
Q9ER88,0.19015
Q9ERB0,0.486833333
Q9ERD7,0.160833333
Q9ERE7,0.1605
Q9ERG0,0.1445
Q9ERG2,0.6559375
Q9ERI6,0.0575
Q9ERK4,0.33765
Q9ERL9,0.235583333
Q9ERP3,0.4147
Q9ERR7,0.547125
Q9ERS2,0.0332
Q9ERU9,0.292285714
Q9ES28,0.3045
Q9ES46,0.96575
Q9ES56,2.131
Q9ES74,0.3485
Q9ES82,0.106
Q9ES83,0.1045
Q9ES97,0.087875
Q9ESB3,0.65995
Q9ESD7,0.0677
Q9ESL4,0.2779
Q9ESN9,1.123666667
Q9EST4,0.374
Q9EST5,0.241583333
Q9ESW4,0.114
Q9ESX5,0.201666667
Q9ET01,0.20325
Q9ET22,0.273428571
Q9ET26,0.16815
Q9ET30,0.409611111
Q9ET54,0.3447
Q9ET78,0.0938
Q9JHH6,1.6595
Q9JHH9,0.196166667
Q9JHI5,0.0304
Q9JHJ0,0.4376
Q9JHK4,0.12345
Q9JHK5,0.5711
Q9JHL1,0.270555556
Q9JHQ5,0.592625
Q9JHR7,0.2886
Q9JHS3,0.199
Q9JHS4,0.39505
Q9JHU2,0.19235
Q9JHU4,0.201
Q9JHU9,0.331833333
Q9JHW2,0.04635
Q9JI11,3.574
Q9JI39,0.069
Q9JI46,0.135125
Q9JI75,0.069
Q9JI78,0.6294375
Q9JI91,0.1092
Q9JIF0,0.4067
Q9JIF7,0.26885
Q9JIF9,0.1871
Q9JIG7,0.1975
Q9JII5,0.228
Q9JII6,0.17875
Q9JIK5,1.9645
Q9JIK9,0.1665
Q9JIM1,0.2329
Q9JIQ3,0.2005
Q9JIS8,0.291333333
Q9JIX8,0.162333333
Q9JIY5,0.102857143
Q9JJ28,0.5127
Q9JJ59,0.128
Q9JJC6,0.194
Q9JJE7,0.284
Q9JJI8,0.1839
Q9JJK2,0.0745
Q9JJL8,0.070857143
Q9JJN5,0.95115
Q9JJU8,0.27365
Q9JJV9,0.81675
Q9JJW5,0.0615
Q9JJZ2,0.131
Q9JK23,0.190666667
Q9JK42,0.1448
Q9JK48,0.36995
Q9JK53,0.11225
Q9JK92,0.31715
Q9JKB1,0.101916667
Q9JKF1,0.34675
Q9JKF7,0.0914
Q9JKL4,0.074611111
Q9JKL5,0.215333333
Q9JKR6,0.20225
Q9JKS4,0.08385
Q9JKV1,0.137142857
Q9JKY5,0.275
Q9JL26,0.155333333
Q9JLB0,0.20575
Q9JLC8,0.339555556
Q9JLH8,0.08
Q9JLI6,0.26345
Q9JLJ2,0.215571429
Q9JLM9,1.253857143
Q9JLN9,0.16985
Q9JLQ0,0.3505
Q9JLQ2,0.204
Q9JLR9,0.201
Q9JLT4,0.0365
Q9JLV1,0.22225
Q9JLV5,0.42255
Q9JLV6,0.121
Q9JLZ3,0.03545
Q9JM14,0.156
Q9JM76,0.35675
Q9JM99,4.297
Q9JMA1,0.1781
Q9JMA2,0.253
Q9JMC3,0.20645
Q9JMH6,0.1782
Q9JMH9,0.2244
Q9QUH0,0.08705
Q9QUI0,0.3588
Q9QUM0,0.277
Q9QUM9,0.1289
Q9QUR6,0.15485
Q9QUR7,0.299555556
Q9QVP4,0.0832
Q9QWK4,0.085
Q9QWR8,0.234
Q9QWV4,0.2324
Q9QX11,0.7365
Q9QX60,0.03425
Q9QXB9,0.324666667
Q9QXC1,0.322166667
Q9QXD8,0.093
Q9QXG4,0.259
Q9QXK3,0.191071429
Q9QXL1,0.02
Q9QXS1,0.15545
Q9QXT0,0.293833333
Q9QXX4,0.02505
Q9QXZ0,0.4108
Q9QY06,0.583
Q9QY36,0.256
Q9QY76,0.1078
Q9QY80,0.092
Q9QY81,0.11375
Q9QYA2,0.13095
Q9QYB1,0.57965
Q9QYB5,0.573944444
Q9QYC0,0.3319
Q9QYF9,0.25365
Q9QYG0,0.1731
Q9QYH6,1.122
Q9QYI5,0.407444444
Q9QYJ0,0.75025
Q9QYR6,0.296125
Q9QYR9,0.02495
Q9QYS9,0.5988
Q9QZ06,0.18
Q9QZ08,0.188142857
Q9QZ23,0.2147
Q9QZ85,0.193
Q9QZ88,0.1412
Q9QZB7,0.1694
Q9QZD8,0.1474
Q9QZD9,0.326833333
Q9QZE5,0.43835
Q9QZE7,0.762
Q9QZF2,0.70625
Q9QZH6,0.28125
Q9QZJ6,0.1275
Q9QZM0,0.22975
Q9QZN4,0.404
Q9QZQ1,0.237071429
Q9QZQ8,0.0686
Q9QZZ6,0.06805
Q9R000,0.946
Q9R002,0.4165625
Q9R008,0.1912
Q9R013,0.3692
Q9R059,0.143583333
Q9R061,0.9482
Q9R062,0.0975
Q9R069,0.234666667
Q9R078,0.1848
Q9R099,0.2282
Q9R0A0,0.092
Q9R0E1,0.5792
Q9R0H0,0.2078
Q9R0K7,0.227333333
Q9R0L6,0.216333333
Q9R0M4,1.1455
Q9R0M6,0.131
Q9R0N0,0.163333333
Q9R0P3,0.0938
Q9R0P5,0.20185
Q9R0P6,0.30925
Q9R0P9,0.954625
Q9R0Q3,0.222
Q9R0Q6,0.089
Q9R0Q7,0.20135
Q9R0Q9,0.239333333
Q9R0X4,0.08025
Q9R0Y5,0.056
Q9R111,0.207333333
Q9R112,0.1043
Q9R190,0.333722222
Q9R1C7,0.37
Q9R1J0,0.455
Q9R1P0,0.16385
Q9R1P1,0.1733
Q9R1P3,0.157
Q9R1P4,0.14065
Q9R1R2,0.418888889
Q9R1T2,0.37075
Q9R1Z8,0.2338
Q9R229,1.366666667
Q9R233,0.47175
Q9R257,0.10435
Q9WTI7,0.1326
Q9WTL7,0.11
Q9WTM5,0.3886875
Q9WTP6,0.1195
Q9WTP7,0.05475
Q9WTQ5,0.314
Q9WTQ8,0.35145
Q9WTR5,0.06275
Q9WTX2,0.4402
Q9WTX5,0.535
Q9WTX6,0.2675
Q9WU20,0.0995
Q9WU28,0.2006
Q9WU78,0.2521
Q9WU79,0.0638
Q9WUA2,0.1046
Q9WUA3,0.320833333
Q9WUB3,0.0897
Q9WUD1,0.4834375
Q9WUH1,0.303
Q9WUL7,0.6168
Q9WUM3,0.1184
Q9WUM4,0.1832
Q9WUM5,0.03045
Q9WUP7,0.226833333
Q9WUQ2,0.15525
Q9WUR2,0.126
Q9WUR9,0.118857143
Q9WUU7,0.34585
Q9WUZ7,0.24445
Q9WUZ9,0.5589
Q9WV02,0.215333333
Q9WV32,0.318777778
Q9WV35,0.1519
Q9WV54,0.583222222
Q9WV55,0.14995
Q9WV60,0.20875
Q9WV80,0.2605
Q9WV85,0.222
Q9WV91,0.4342
Q9WV92,0.259714286
Q9WVA2,0.038
Q9WVA3,0.4
Q9WVA4,0.3633
Q9WVB0,0.2966
Q9WVC3,0.173857143
Q9WVD5,0.097
Q9WVE8,0.2562
Q9WVH9,0.089625
Q9WVJ2,0.15905
Q9WVJ3,0.226666667
Q9WVJ9,0.074
Q9WVK4,0.12915
Q9WVL0,0.04325
Q9WVL3,0.23885
Q9WVQ5,0.14375
Q9WVR4,0.609166667
Q9Z0E6,0.24375
Q9Z0F7,0.1815
Q9Z0G0,0.415833333
Q9Z0H4,0.6979
Q9Z0J0,0.4491
Q9Z0M6,0.3065
Q9Z0P4,0.406333333
Q9Z0P5,0.34805
Q9Z0R6,0.189333333
Q9Z0S1,0.0722
Q9Z0U1,0.5177
Q9Z0V7,0.163
Q9Z0W3,0.145
Q9Z0X1,0.03205
Q9Z0X4,1.513
Q9Z108,0.256142857
Q9Z110,0.424428571
Q9Z126,0.2494375
Q9Z1E4,0.178
Q9Z1F9,0.2492
Q9Z1G3,0.52125
Q9Z1G4,0.1335
Q9Z1J3,0.09395
Q9Z1K5,0.335928571
Q9Z1K6,0.13475
Q9Z1N5,0.280416667
Q9Z1P6,0.032444444
Q9Z1Q2,0.236785714
Q9Z1Q5,0.39065
Q9Z1Q9,0.1317
Q9Z1R2,0.52095
Q9Z1T1,0.203388889
Q9Z1T2,0.3813125
Q9Z1W9,0.222944444
Q9Z1X4,0.18935
Q9Z1Z0,0.23605
Q9Z1Z2,0.38685
Q9Z204,0.38815
Q9Z210,0.10465
Q9Z247,0.329
Q9Z255,1.58125
Q9Z266,0.618666667
Q9Z2A5,0.571666667
Q9Z2A9,0.1538
Q9Z2C5,0.19045
Q9Z2D6,0.0825
Q9Z2E1,0.351
Q9Z2G9,0.113
Q9Z2H5,0.199666667
Q9Z2I0,0.0459
Q9Z2I8,0.08425
Q9Z2I9,0.0388
Q9Z2L6,1.149
Q9Z2L7,0.317333333
Q9Z2M6,0.291
Q9Z2M7,0.12595
Q9Z2N8,0.104
Q9Z2Q5,0.0877
Q9Z2U0,0.206666667
Q9Z2U1,0.1429
Q9Z2V5,0.0735
Q9Z2W0,0.12655
Q9Z2X1,0.555722222
Q9Z2Y3,0.2645
Q9Z2Y8,0.12545
Q9Z2Z6,0.0283
Q9Z2Z9,0.611333333